dataset;type;train_mode;test_avg_acc;test_std_acc;AUC;F1;ECE;Brier;num_epochs
MUTAG;GAT;P;0.736842;0.000000;0.641026;0.706594;0.023706;0.404606;18
MUTAG;GAT;T;1.000000;0.000000;1.000000;1.000000;0.000234;0.000000;123
MUTAG;GAT;S;0.736842;0.000000;0.700000;0.625199;0.019197;0.364389;8
MUTAG;GCN;P;0.789474;0.000000;0.897727;0.790643;0.036764;0.346166;19
MUTAG;GCN;T;1.000000;0.000000;1.000000;1.000000;0.000462;0.000000;68
MUTAG;GCN;S;0.947368;0.000000;1.000000;0.947074;0.058790;0.200562;21
MUTAG;GIN;P;1.000000;0.000000;1.000000;1.000000;0.060357;0.181814;34
MUTAG;GIN;T;1.000000;0.000000;1.000000;1.000000;0.000723;0.000001;91
MUTAG;GIN;S;0.894737;0.000000;0.988095;0.890013;0.040815;0.202039;18
MUTAG;GraphSAGE;P;0.842105;0.000000;0.886364;0.833360;0.005738;0.291294;27
MUTAG;GraphSAGE;T;1.000000;0.000000;1.000000;1.000000;0.000471;0.000000;122
MUTAG;GraphSAGE;S;0.894737;0.000000;0.979167;0.894737;0.053697;0.191022;44
MUTAG;GAT;P;0.631579;0.000000;0.839286;0.488964;0.063358;0.405597;10
MUTAG;GAT;T;1.000000;0.000000;1.000000;1.000000;0.001528;0.000006;84
MUTAG;GAT;S;0.842105;0.000000;0.900000;0.801914;0.036492;0.207326;25
MUTAG;GCN;P;0.894737;0.000000;0.916667;0.880482;0.053348;0.184053;35
MUTAG;GCN;T;1.000000;0.000000;1.000000;1.000000;0.000617;0.000001;96
MUTAG;GCN;S;0.842105;0.000000;0.942857;0.846358;0.072905;0.273555;17
MUTAG;GIN;P;0.894737;0.000000;0.974359;0.894737;0.032963;0.157742;51
MUTAG;GIN;T;1.000000;0.000000;1.000000;1.000000;0.001201;0.000003;79
MUTAG;GIN;S;0.736842;0.000000;0.820513;0.745995;0.042486;0.329387;17
MUTAG;GraphSAGE;P;0.789474;0.000000;0.850000;0.760965;0.063102;0.303781;18
MUTAG;GraphSAGE;T;1.000000;0.000000;1.000000;1.000000;0.000807;0.000002;79
MUTAG;GraphSAGE;S;0.789474;0.000000;0.743590;0.750877;0.022595;0.357796;26
MUTAG;GAT;P;0.789474;0.000000;0.885714;0.732456;0.031905;0.254649;39
MUTAG;GAT;T;0.684211;0.000000;1.000000;0.555921;0.002403;0.424634;23
MUTAG;GAT;S;0.789474;0.000000;0.600000;0.732456;0.014363;0.382476;13
MUTAG;GCN;P;0.894737;0.000000;0.943182;0.894737;0.037620;0.214285;32
MUTAG;GCN;T;1.000000;0.000000;1.000000;1.000000;0.001483;0.000009;90
MUTAG;GCN;S;0.947368;0.000000;0.965909;0.947663;0.063846;0.195751;18
MUTAG;GIN;P;0.789474;0.000000;0.814286;0.802005;0.040421;0.282040;29
MUTAG;GIN;T;1.000000;0.000000;1.000000;1.000000;0.000413;0.000000;131
MUTAG;GIN;S;0.736842;0.000000;0.965909;0.701400;0.011499;0.322938;30
MUTAG;GraphSAGE;P;0.842105;0.000000;0.931818;0.840275;0.060317;0.256056;19
MUTAG;GraphSAGE;T;1.000000;0.000000;1.000000;1.000000;0.000795;0.000001;78
MUTAG;GraphSAGE;S;0.631579;0.000000;0.784091;0.611174;0.018344;0.461147;33
MUTAG;GAT;P;0.789474;0.000000;0.842857;0.732456;0.019814;0.330855;28
MUTAG;GAT;T;1.000000;0.000000;1.000000;1.000000;0.002978;0.000018;112
MUTAG;GAT;S;0.842105;0.000000;0.885714;0.815911;0.038520;0.280313;40
MUTAG;GCN;P;0.789474;0.000000;0.886364;0.789474;0.043738;0.260233;44
MUTAG;GCN;T;1.000000;0.000000;1.000000;1.000000;0.000721;0.000001;88
MUTAG;GCN;S;0.842105;0.000000;0.950000;0.854864;0.023243;0.175751;59
MUTAG;GIN;P;0.684211;0.000000;0.821429;0.689593;0.094126;0.404820;29
MUTAG;GIN;T;1.000000;0.000000;1.000000;1.000000;0.001700;0.000006;60
MUTAG;GIN;S;0.894737;0.000000;0.954545;0.894737;0.027083;0.173495;22
MUTAG;GraphSAGE;P;0.842105;0.000000;0.807143;0.815911;0.015829;0.289316;19
MUTAG;GraphSAGE;T;1.000000;0.000000;1.000000;1.000000;0.000307;0.000000;130
MUTAG;GraphSAGE;S;0.684211;0.000000;0.910714;0.597368;0.030290;0.311436;11
MUTAG;GAT;P;0.631579;0.000000;0.806818;0.631579;0.003200;0.478524;24
MUTAG;GAT;T;1.000000;0.000000;1.000000;1.000000;0.002134;0.000009;91
MUTAG;GAT;S;0.421053;0.000000;0.886364;0.249513;0.117494;0.517710;13
MUTAG;GCN;P;0.947368;0.000000;0.983333;0.949385;0.075735;0.120722;67
MUTAG;GCN;T;1.000000;0.000000;1.000000;1.000000;0.008315;0.000144;56
MUTAG;GCN;S;0.842105;0.000000;0.935897;0.837852;0.023933;0.210026;39
MUTAG;GIN;P;0.842105;0.000000;0.909091;0.842990;0.053951;0.306335;50
MUTAG;GIN;T;1.000000;0.000000;1.000000;1.000000;0.000654;0.000001;64
MUTAG;GIN;S;0.947368;0.000000;1.000000;0.948786;0.080761;0.075024;19
MUTAG;GraphSAGE;P;0.631579;0.000000;0.738095;0.601808;0.012469;0.439212;37
MUTAG;GraphSAGE;T;1.000000;0.000000;1.000000;1.000000;0.000245;0.000000;159
MUTAG;GraphSAGE;S;0.631579;0.000000;0.772727;0.532769;0.007591;0.476758;8
MUTAG;GAT;P;0.789474;0.000000;0.828571;0.770175;0.026140;0.272791;34
MUTAG;GAT;T;1.000000;0.000000;1.000000;1.000000;0.010047;0.000236;52
MUTAG;GAT;S;0.684211;0.000000;0.679487;0.555921;0.042570;0.411125;19
MUTAG;GCN;P;0.789474;0.000000;0.766667;0.808367;0.076845;0.288369;61
MUTAG;GCN;T;1.000000;0.000000;1.000000;1.000000;0.001056;0.000003;76
MUTAG;GCN;S;0.842105;0.000000;0.885714;0.836056;0.082617;0.262046;39
MUTAG;GIN;P;0.894737;0.000000;0.948718;0.894737;0.034398;0.181371;21
MUTAG;GIN;T;1.000000;0.000000;1.000000;1.000000;0.000223;0.000000;133
MUTAG;GIN;S;0.842105;0.000000;0.885714;0.815911;0.035033;0.264732;19
MUTAG;GraphSAGE;P;0.789474;0.000000;0.840909;0.783208;0.104876;0.350585;14
MUTAG;GraphSAGE;T;1.000000;0.000000;1.000000;1.000000;0.000711;0.000001;84
MUTAG;GraphSAGE;S;0.842105;0.000000;0.800000;0.833374;0.023517;0.281343;38
MUTAG;GAT;P;0.631579;0.000000;0.784091;0.601678;0.060886;0.448174;20
MUTAG;GAT;T;1.000000;0.000000;1.000000;1.000000;0.002004;0.000010;63
MUTAG;GAT;S;0.842105;0.000000;0.875000;0.769925;0.123216;0.229162;10
MUTAG;GCN;P;0.894737;0.000000;0.988636;0.895322;0.087354;0.209142;9
MUTAG;GCN;T;1.000000;0.000000;1.000000;1.000000;0.001422;0.000006;107
MUTAG;GCN;S;0.842105;0.000000;0.886905;0.844759;0.032265;0.236244;41
MUTAG;GIN;P;0.947368;0.000000;1.000000;0.944458;0.063201;0.111010;24
MUTAG;GIN;T;1.000000;0.000000;1.000000;1.000000;0.000474;0.000000;113
MUTAG;GIN;S;0.789474;0.000000;0.820513;0.750877;0.101659;0.345344;13
MUTAG;GraphSAGE;P;0.894737;0.000000;0.966667;0.880482;0.077845;0.208780;44
MUTAG;GraphSAGE;T;1.000000;0.000000;1.000000;1.000000;0.000513;0.000001;117
MUTAG;GraphSAGE;S;0.842105;0.000000;0.904762;0.829346;0.048388;0.248282;16
MUTAG;GAT;P;0.947368;0.000000;0.966667;0.944458;0.177352;0.232889;19
MUTAG;GAT;T;1.000000;0.000000;1.000000;1.000000;0.000543;0.000001;103
MUTAG;GAT;S;0.684211;0.000000;0.681818;0.623308;0.007826;0.442448;34
MUTAG;GCN;P;0.894737;0.000000;0.950000;0.901504;0.069551;0.122968;36
MUTAG;GCN;T;1.000000;0.000000;1.000000;1.000000;0.001038;0.000002;103
MUTAG;GCN;S;0.789474;0.000000;0.928571;0.762406;0.096780;0.290696;22
MUTAG;GIN;P;1.000000;0.000000;1.000000;1.000000;0.059115;0.041012;21
MUTAG;GIN;T;1.000000;0.000000;1.000000;1.000000;0.000364;0.000000;127
MUTAG;GIN;S;0.894737;0.000000;0.923077;0.894737;0.018543;0.198256;36
MUTAG;GraphSAGE;P;0.842105;0.000000;0.800000;0.815911;0.042867;0.292167;17
MUTAG;GraphSAGE;T;1.000000;0.000000;1.000000;1.000000;0.000594;0.000001;87
MUTAG;GraphSAGE;S;0.736842;0.000000;0.761111;0.721587;0.051509;0.498707;14
MUTAG;GAT;P;0.947368;0.000000;0.967949;0.945951;0.106812;0.186358;39
MUTAG;GAT;T;1.000000;0.000000;1.000000;1.000000;0.002665;0.000021;91
MUTAG;GAT;S;0.631579;0.000000;0.595238;0.488964;0.033175;0.464130;10
MUTAG;GCN;P;0.842105;0.000000;0.916667;0.833374;0.072992;0.218111;34
MUTAG;GCN;T;1.000000;0.000000;1.000000;1.000000;0.000380;0.000000;114
MUTAG;GCN;S;0.842105;0.000000;0.884615;0.847597;0.078618;0.269585;30
MUTAG;GIN;P;0.947368;0.000000;1.000000;0.948340;0.071762;0.144246;23
MUTAG;GIN;T;1.000000;0.000000;1.000000;1.000000;0.000544;0.000001;80
MUTAG;GIN;S;0.736842;0.000000;0.785714;0.684211;0.057508;0.358772;20
MUTAG;GraphSAGE;P;0.894737;0.000000;0.861111;0.894152;0.136401;0.333766;35
MUTAG;GraphSAGE;T;1.000000;0.000000;1.000000;1.000000;0.000770;0.000002;108
MUTAG;GraphSAGE;S;0.578947;0.000000;0.800000;0.470677;0.007380;0.496770;16
MUTAG;GAT;P;0.842105;0.000000;0.974359;0.837852;0.097118;0.253169;22
MUTAG;GAT;T;1.000000;0.000000;1.000000;1.000000;0.000649;0.000001;125
MUTAG;GAT;S;0.842105;0.000000;0.907143;0.815911;0.042889;0.279363;28
MUTAG;GCN;P;0.736842;0.000000;0.728571;0.698381;0.121925;0.344007;11
MUTAG;GCN;T;1.000000;0.000000;1.000000;1.000000;0.000895;0.000002;107
MUTAG;GCN;S;0.842105;0.000000;0.858974;0.847597;0.029873;0.286408;28
MUTAG;GIN;P;0.578947;0.000000;0.784091;0.566416;0.272892;0.432603;12
MUTAG;GIN;T;1.000000;0.000000;1.000000;1.000000;0.002263;0.000013;72
MUTAG;GIN;S;0.789474;0.000000;1.000000;0.696594;0.122719;0.148079;14
MUTAG;GraphSAGE;P;0.684211;0.000000;0.884615;0.555921;0.102015;0.359467;8
MUTAG;GraphSAGE;T;1.000000;0.000000;1.000000;1.000000;0.000241;0.000000;143
MUTAG;GraphSAGE;S;0.894737;0.000000;0.916667;0.871517;0.109041;0.215815;23
PROTEINS;GAT;P;0.705357;0.000000;0.707888;0.692675;0.045369;0.428706;25
PROTEINS;GAT;T;0.535714;0.000000;1.000000;0.373754;0.181726;0.522701;8
PROTEINS;GAT;S;0.723214;0.000000;0.768403;0.723955;0.078286;0.408156;9
PROTEINS;GCN;P;0.741071;0.000000;0.698465;0.732829;0.046736;0.415900;17
PROTEINS;GCN;T;1.000000;0.000000;1.000000;1.000000;0.000072;0.000000;63
PROTEINS;GCN;S;0.732143;0.000000;0.804362;0.733434;0.038255;0.379515;17
PROTEINS;GIN;P;0.714286;0.000000;0.674419;0.712925;0.050385;0.445187;12
PROTEINS;GIN;T;1.000000;0.000000;1.000000;1.000000;0.000399;0.000000;32
PROTEINS;GIN;S;0.741071;0.000000;0.729374;0.733784;0.056953;0.388879;17
PROTEINS;GraphSAGE;P;0.732143;0.000000;0.760563;0.724807;0.075984;0.408292;19
PROTEINS;GraphSAGE;T;1.000000;0.000000;1.000000;1.000000;0.000165;0.000000;42
PROTEINS;GraphSAGE;S;0.794643;0.000000;0.801786;0.781465;0.027585;0.339606;19
PROTEINS;GAT;P;0.660714;0.000000;0.665646;0.623556;0.042493;0.437294;22
PROTEINS;GAT;T;0.767857;0.000000;0.889974;0.744341;0.104983;0.291730;14
PROTEINS;GAT;S;0.732143;0.000000;0.766421;0.737514;0.034018;0.384170;13
PROTEINS;GCN;P;0.642857;0.000000;0.651410;0.578295;0.036366;0.449985;17
PROTEINS;GCN;T;1.000000;0.000000;1.000000;1.000000;0.000031;0.000000;111
PROTEINS;GCN;S;0.660714;0.000000;0.719936;0.656098;0.073717;0.459334;20
PROTEINS;GIN;P;0.705357;0.000000;0.747328;0.686224;0.063253;0.429082;16
PROTEINS;GIN;T;1.000000;0.000000;1.000000;1.000000;0.000193;0.000000;54
PROTEINS;GIN;S;0.714286;0.000000;0.716549;0.699666;0.042168;0.403042;12
PROTEINS;GraphSAGE;P;0.732143;0.000000;0.740142;0.725745;0.038221;0.413790;18
PROTEINS;GraphSAGE;T;1.000000;0.000000;1.000000;1.000000;0.000049;0.000000;68
PROTEINS;GraphSAGE;S;0.758929;0.000000;0.871212;0.739821;0.060752;0.337216;13
PROTEINS;GAT;P;0.625000;0.000000;0.637032;0.611464;0.028423;0.476912;20
PROTEINS;GAT;T;0.651786;0.000000;0.898841;0.514382;0.012158;0.448106;8
PROTEINS;GAT;S;0.705357;0.000000;0.751205;0.704440;0.039477;0.416567;11
PROTEINS;GCN;P;0.696429;0.000000;0.730312;0.696818;0.021816;0.431185;22
PROTEINS;GCN;T;1.000000;0.000000;1.000000;1.000000;0.000333;0.000000;36
PROTEINS;GCN;S;0.758929;0.000000;0.808268;0.758594;0.041709;0.347537;23
PROTEINS;GIN;P;0.633929;0.000000;0.624537;0.604174;0.052423;0.460710;13
PROTEINS;GIN;T;1.000000;0.000000;1.000000;1.000000;0.000219;0.000000;51
PROTEINS;GIN;S;0.785714;0.000000;0.822586;0.781959;0.036785;0.343102;12
PROTEINS;GraphSAGE;P;0.687500;0.000000;0.709157;0.687987;0.076819;0.451413;13
PROTEINS;GraphSAGE;T;1.000000;0.000000;1.000000;1.000000;0.001019;0.000002;24
PROTEINS;GraphSAGE;S;0.741071;0.000000;0.785297;0.726117;0.046384;0.350494;18
PROTEINS;GAT;P;0.732143;0.000000;0.740307;0.702070;0.077712;0.418367;31
PROTEINS;GAT;T;0.901786;0.000000;1.000000;0.897963;0.033989;0.167766;12
PROTEINS;GAT;S;0.723214;0.000000;0.753623;0.725413;0.061826;0.412808;31
PROTEINS;GCN;P;0.687500;0.000000;0.738308;0.688962;0.031479;0.412957;19
PROTEINS;GCN;T;1.000000;0.000000;1.000000;1.000000;0.000091;0.000000;46
PROTEINS;GCN;S;0.776786;0.000000;0.817021;0.777095;0.037093;0.348097;16
PROTEINS;GIN;P;0.669643;0.000000;0.673226;0.633484;0.029280;0.450318;19
PROTEINS;GIN;T;1.000000;0.000000;1.000000;1.000000;0.000418;0.000000;38
PROTEINS;GIN;S;0.758929;0.000000;0.833388;0.760423;0.040960;0.335901;18
PROTEINS;GraphSAGE;P;0.660714;0.000000;0.714566;0.654768;0.039334;0.436186;17
PROTEINS;GraphSAGE;T;1.000000;0.000000;1.000000;1.000000;0.002486;0.000034;25
PROTEINS;GraphSAGE;S;0.785714;0.000000;0.836771;0.784247;0.030987;0.309865;35
PROTEINS;GAT;P;0.678571;0.000000;0.608038;0.628827;0.017837;0.455223;15
PROTEINS;GAT;T;1.000000;0.000000;1.000000;1.000000;0.023761;0.002803;11
PROTEINS;GAT;S;0.678571;0.000000;0.745443;0.680220;0.052187;0.427851;8
PROTEINS;GCN;P;0.723214;0.000000;0.755982;0.710484;0.061273;0.404230;18
PROTEINS;GCN;T;1.000000;0.000000;1.000000;1.000000;0.002579;0.000016;9
PROTEINS;GCN;S;0.821429;0.000000;0.893617;0.821429;0.017927;0.270233;28
PROTEINS;GIN;P;0.767857;0.000000;0.800680;0.766661;0.066497;0.393139;13
PROTEINS;GIN;T;1.000000;0.000000;1.000000;1.000000;0.000061;0.000000;56
PROTEINS;GIN;S;0.651786;0.000000;0.707419;0.649371;0.065859;0.444641;24
PROTEINS;GraphSAGE;P;0.767857;0.000000;0.740573;0.765809;0.060218;0.377491;8
PROTEINS;GraphSAGE;T;1.000000;0.000000;1.000000;1.000000;0.000053;0.000000;40
PROTEINS;GraphSAGE;S;0.723214;0.000000;0.796129;0.713726;0.039656;0.387918;12
PROTEINS;GAT;P;0.705357;0.000000;0.742754;0.698786;0.052289;0.443826;13
PROTEINS;GAT;T;0.580357;0.000000;0.953191;0.426251;0.051769;0.477119;8
PROTEINS;GAT;S;0.732143;0.000000;0.800321;0.729396;0.040478;0.382087;8
PROTEINS;GCN;P;0.723214;0.000000;0.741080;0.721774;0.027037;0.410077;15
PROTEINS;GCN;T;1.000000;0.000000;1.000000;1.000000;0.000181;0.000000;61
PROTEINS;GCN;S;0.776786;0.000000;0.865521;0.777254;0.033830;0.318207;15
PROTEINS;GIN;P;0.732143;0.000000;0.763141;0.728197;0.047525;0.408599;11
PROTEINS;GIN;T;1.000000;0.000000;1.000000;1.000000;0.000335;0.000000;32
PROTEINS;GIN;S;0.750000;0.000000;0.785161;0.743984;0.022027;0.374106;19
PROTEINS;GraphSAGE;P;0.741071;0.000000;0.735714;0.743550;0.069884;0.394896;11
PROTEINS;GraphSAGE;T;1.000000;0.000000;1.000000;1.000000;0.000560;0.000002;41
PROTEINS;GraphSAGE;S;0.758929;0.000000;0.810547;0.755698;0.025506;0.355435;32
PROTEINS;GAT;P;0.678571;0.000000;0.728065;0.670837;0.005116;0.427971;42
PROTEINS;GAT;T;1.000000;0.000000;1.000000;1.000000;0.001775;0.000023;42
PROTEINS;GAT;S;0.776786;0.000000;0.840622;0.775045;0.032938;0.326436;10
PROTEINS;GCN;P;0.776786;0.000000;0.778387;0.773300;0.042253;0.385373;17
PROTEINS;GCN;T;1.000000;0.000000;1.000000;1.000000;0.000096;0.000000;57
PROTEINS;GCN;S;0.741071;0.000000;0.814931;0.742996;0.042614;0.352170;19
PROTEINS;GIN;P;0.750000;0.000000;0.730242;0.744518;0.057892;0.397250;14
PROTEINS;GIN;T;1.000000;0.000000;1.000000;1.000000;0.000041;0.000000;57
PROTEINS;GIN;S;0.723214;0.000000;0.804677;0.722734;0.010370;0.355866;17
PROTEINS;GraphSAGE;P;0.696429;0.000000;0.704762;0.673655;0.072256;0.414258;14
PROTEINS;GraphSAGE;T;1.000000;0.000000;1.000000;1.000000;0.001907;0.000008;17
PROTEINS;GraphSAGE;S;0.750000;0.000000;0.769231;0.748176;0.009106;0.384262;9
PROTEINS;GAT;P;0.732143;0.000000;0.696259;0.707031;0.054151;0.431291;24
PROTEINS;GAT;T;0.776786;0.000000;1.000000;0.733184;0.162587;0.411499;8
PROTEINS;GAT;S;0.714286;0.000000;0.792819;0.715106;0.048847;0.385328;15
PROTEINS;GCN;P;0.776786;0.000000;0.829753;0.777489;0.052763;0.367677;16
PROTEINS;GCN;T;1.000000;0.000000;1.000000;1.000000;0.000051;0.000000;62
PROTEINS;GCN;S;0.705357;0.000000;0.781580;0.697689;0.038641;0.399068;15
PROTEINS;GIN;P;0.687500;0.000000;0.692848;0.691111;0.017525;0.428941;10
PROTEINS;GIN;T;1.000000;0.000000;1.000000;1.000000;0.000339;0.000000;30
PROTEINS;GIN;S;0.821429;0.000000;0.879252;0.815315;0.019575;0.303758;26
PROTEINS;GraphSAGE;P;0.705357;0.000000;0.645592;0.657404;0.050638;0.438509;14
PROTEINS;GraphSAGE;T;1.000000;0.000000;1.000000;1.000000;0.004592;0.000103;25
PROTEINS;GraphSAGE;S;0.732143;0.000000;0.796090;0.700141;0.039690;0.372463;23
PROTEINS;GAT;P;0.705357;0.000000;0.676471;0.678887;0.064519;0.438134;24
PROTEINS;GAT;T;1.000000;0.000000;1.000000;1.000000;0.001230;0.000005;42
PROTEINS;GAT;S;0.714286;0.000000;0.751976;0.716204;0.062045;0.429520;11
PROTEINS;GCN;P;0.660714;0.000000;0.729511;0.632838;0.014682;0.428224;13
PROTEINS;GCN;S;0.750000;0.000000;0.827387;0.749516;0.055017;0.365948;11
PROTEINS;GIN;P;0.803571;0.000000;0.771181;0.791441;0.034663;0.374299;17
PROTEINS;GIN;T;0.946429;0.000000;1.000000;0.945899;0.041791;0.064787;25
PROTEINS;GIN;S;0.714286;0.000000;0.762029;0.700637;0.041728;0.395131;18
PROTEINS;GraphSAGE;P;0.625000;0.000000;0.628118;0.588216;0.009650;0.459743;19
PROTEINS;GraphSAGE;T;1.000000;0.000000;1.000000;1.000000;0.000169;0.000000;68
PROTEINS;GraphSAGE;S;0.785714;0.000000;0.846434;0.778037;0.040075;0.323820;21
PROTEINS;GAT;P;0.741071;0.000000;0.776070;0.729926;0.078811;0.428184;26
PROTEINS;GAT;T;0.723214;0.000000;0.904478;0.676500;0.088708;0.419662;8
PROTEINS;GAT;S;0.696429;0.000000;0.761712;0.700381;0.039570;0.397622;13
PROTEINS;GCN;P;0.732143;0.000000;0.698435;0.710109;0.024727;0.405464;17
PROTEINS;GCN;T;1.000000;0.000000;1.000000;1.000000;0.022837;0.006706;16
PROTEINS;GCN;S;0.678571;0.000000;0.780831;0.684402;0.037237;0.366307;19
PROTEINS;GIN;P;0.767857;0.000000;0.780303;0.765995;0.032928;0.398989;21
PROTEINS;GIN;T;1.000000;0.000000;1.000000;1.000000;0.000251;0.000000;55
PROTEINS;GIN;S;0.750000;0.000000;0.834559;0.750000;0.023508;0.342465;19
PROTEINS;GraphSAGE;P;0.669643;0.000000;0.667318;0.651303;0.021317;0.447145;14
PROTEINS;GraphSAGE;T;0.928571;0.000000;1.000000;0.926743;0.030569;0.054193;11
PROTEINS;GraphSAGE;S;0.821429;0.000000;0.811594;0.818452;0.042504;0.322544;22
IMDB-BINARY;GAT;P;0.520000;0.000000;0.586939;0.465869;0.005384;0.493923;10
IMDB-BINARY;GAT;T;1.000000;0.000000;1.000000;1.000000;0.000147;0.000000;45
IMDB-BINARY;GAT;S;0.480000;0.000000;0.504242;0.427799;0.094658;0.524167;10
IMDB-BINARY;GCN;P;0.650000;0.000000;0.725090;0.644934;0.032212;0.476892;19
IMDB-BINARY;GCN;T;1.000000;0.000000;1.000000;1.000000;0.004604;0.000254;9
IMDB-BINARY;GCN;S;0.740000;0.000000;0.775246;0.732750;0.033847;0.386069;36
IMDB-BINARY;GIN;P;0.580000;0.000000;0.641827;0.566207;0.004997;0.474458;11
IMDB-BINARY;GIN;T;0.970000;0.000000;1.000000;0.969862;0.018187;0.017598;14
IMDB-BINARY;GIN;S;0.730000;0.000000;0.787516;0.731243;0.021446;0.396571;28
IMDB-BINARY;GraphSAGE;P;0.690000;0.000000;0.686782;0.690476;0.035483;0.447337;15
IMDB-BINARY;GraphSAGE;T;0.990000;0.000000;1.000000;0.990001;0.000886;0.019533;11
IMDB-BINARY;GraphSAGE;S;0.570000;0.000000;0.663245;0.568564;0.049838;0.493839;8
IMDB-BINARY;GAT;P;0.530000;0.000000;0.586234;0.527015;0.007065;0.497304;14
IMDB-BINARY;GAT;T;1.000000;0.000000;1.000000;1.000000;0.000123;0.000000;39
IMDB-BINARY;GAT;S;0.450000;0.000000;0.516768;0.333067;0.102288;0.513285;8
IMDB-BINARY;GCN;P;0.580000;0.000000;0.629000;0.579327;0.027978;0.453953;22
IMDB-BINARY;GCN;T;1.000000;0.000000;1.000000;1.000000;0.002218;0.000010;9
IMDB-BINARY;GCN;S;0.610000;0.000000;0.603223;0.610516;0.034001;0.481928;18
IMDB-BINARY;GIN;P;0.720000;0.000000;0.789400;0.715909;0.033178;0.444771;15
IMDB-BINARY;GIN;T;0.990000;0.000000;1.000000;0.989989;0.001344;0.019177;53
IMDB-BINARY;GIN;S;0.630000;0.000000;0.659375;0.633425;0.030656;0.463842;10
IMDB-BINARY;GraphSAGE;P;0.640000;0.000000;0.669200;0.636364;0.035913;0.460872;58
IMDB-BINARY;GraphSAGE;T;1.000000;0.000000;1.000000;1.000000;0.000081;0.000000;50
IMDB-BINARY;GraphSAGE;S;0.560000;0.000000;0.628606;0.520494;0.034277;0.495321;18
IMDB-BINARY;GAT;P;0.590000;0.000000;0.579951;0.570479;0.034292;0.487998;8
IMDB-BINARY;GAT;T;1.000000;0.000000;1.000000;1.000000;0.000407;0.000002;48
IMDB-BINARY;GAT;S;0.570000;0.000000;0.458996;0.454115;0.004127;0.495108;11
IMDB-BINARY;GCN;P;0.690000;0.000000;0.722000;0.688474;0.056126;0.432810;16
IMDB-BINARY;GCN;T;1.000000;0.000000;1.000000;1.000000;0.002107;0.000009;16
IMDB-BINARY;GCN;S;0.730000;0.000000;0.746795;0.720000;0.014158;0.404609;53
IMDB-BINARY;GIN;P;0.570000;0.000000;0.616680;0.552184;0.010866;0.471844;14
IMDB-BINARY;GIN;T;0.970000;0.000000;1.000000;0.969973;0.023300;0.059769;8
IMDB-BINARY;GIN;S;0.700000;0.000000;0.752308;0.696573;0.017514;0.420290;25
IMDB-BINARY;GraphSAGE;P;0.590000;0.000000;0.618357;0.587289;0.016765;0.486537;22
IMDB-BINARY;GraphSAGE;T;1.000000;0.000000;1.000000;1.000000;0.000386;0.000000;25
IMDB-BINARY;GraphSAGE;S;0.530000;0.000000;0.655159;0.462119;0.079786;0.509303;8
IMDB-BINARY;GAT;P;0.580000;0.000000;0.553744;0.572187;0.002566;0.491461;12
IMDB-BINARY;GAT;T;0.870000;0.000000;1.000000;0.866669;0.021771;0.148923;9
IMDB-BINARY;GAT;S;0.460000;0.000000;0.419887;0.302024;0.176068;0.560251;8
IMDB-BINARY;GCN;P;0.740000;0.000000;0.772035;0.738434;0.024562;0.411516;22
IMDB-BINARY;GCN;T;1.000000;0.000000;1.000000;1.000000;0.007660;0.001035;9
IMDB-BINARY;GCN;S;0.620000;0.000000;0.598182;0.619075;0.046130;0.484883;9
IMDB-BINARY;GIN;P;0.660000;0.000000;0.816540;0.649054;0.053045;0.428172;14
IMDB-BINARY;GIN;T;0.980000;0.000000;1.000000;0.979984;0.012073;0.037403;8
IMDB-BINARY;GIN;S;0.720000;0.000000;0.762882;0.716322;0.016560;0.409086;30
IMDB-BINARY;GraphSAGE;P;0.690000;0.000000;0.701681;0.690031;0.014104;0.458716;24
IMDB-BINARY;GraphSAGE;T;1.000000;0.000000;1.000000;1.000000;0.000125;0.000000;34
IMDB-BINARY;GraphSAGE;S;0.650000;0.000000;0.747796;0.617590;0.044926;0.464028;9
IMDB-BINARY;GAT;P;0.500000;0.000000;0.503401;0.493912;0.029648;0.503486;8
IMDB-BINARY;GAT;T;0.810000;0.000000;1.000000;0.802884;0.040066;0.361118;58
IMDB-BINARY;GAT;S;0.580000;0.000000;0.595438;0.578990;0.023855;0.483167;8
IMDB-BINARY;GCN;P;0.670000;0.000000;0.765106;0.661391;0.026461;0.444489;11
IMDB-BINARY;GCN;T;1.000000;0.000000;1.000000;1.000000;0.003390;0.000087;11
IMDB-BINARY;GCN;S;0.680000;0.000000;0.725612;0.665331;0.032977;0.441526;8
IMDB-BINARY;GIN;P;0.650000;0.000000;0.736400;0.622479;0.034224;0.434814;8
IMDB-BINARY;GIN;T;1.000000;0.000000;1.000000;1.000000;0.000096;0.000000;63
IMDB-BINARY;GIN;S;0.780000;0.000000;0.807692;0.775665;0.048114;0.363092;48
IMDB-BINARY;GraphSAGE;P;0.590000;0.000000;0.603462;0.578291;0.019904;0.487472;10
IMDB-BINARY;GraphSAGE;T;0.990000;0.000000;1.000000;0.989993;0.004421;0.009072;45
IMDB-BINARY;GraphSAGE;S;0.680000;0.000000;0.694088;0.667341;0.011990;0.444067;45
IMDB-BINARY;GAT;P;0.570000;0.000000;0.577576;0.570390;0.007190;0.489271;11
IMDB-BINARY;GAT;T;1.000000;0.000000;1.000000;1.000000;0.007339;0.003530;8
IMDB-BINARY;GAT;S;0.540000;0.000000;0.592935;0.504856;0.047475;0.503679;12
IMDB-BINARY;GCN;P;0.700000;0.000000;0.742626;0.697044;0.025021;0.443246;33
IMDB-BINARY;GCN;T;0.990000;0.000000;1.000000;0.989999;0.000963;0.018810;9
IMDB-BINARY;GCN;S;0.760000;0.000000;0.787638;0.760584;0.031389;0.394058;23
IMDB-BINARY;GIN;P;0.660000;0.000000;0.703131;0.660272;0.017289;0.449499;25
IMDB-BINARY;GIN;T;0.830000;0.000000;0.980792;0.824303;0.117705;0.286120;52
IMDB-BINARY;GIN;S;0.760000;0.000000;0.795473;0.760000;0.051524;0.387850;23
IMDB-BINARY;GraphSAGE;P;0.670000;0.000000;0.678886;0.666073;0.011952;0.457604;22
IMDB-BINARY;GraphSAGE;T;1.000000;0.000000;1.000000;1.000000;0.000402;0.000001;29
IMDB-BINARY;GraphSAGE;S;0.600000;0.000000;0.645058;0.550791;0.037930;0.492158;9
IMDB-BINARY;GAT;P;0.580000;0.000000;0.643657;0.546823;0.001065;0.479320;15
IMDB-BINARY;GAT;T;1.000000;0.000000;1.000000;1.000000;0.002385;0.000139;18
IMDB-BINARY;GAT;S;0.650000;0.000000;0.701288;0.647719;0.029358;0.472686;8
IMDB-BINARY;GCN;P;0.720000;0.000000;0.809916;0.712003;0.029270;0.439007;10
IMDB-BINARY;GCN;T;0.840000;0.000000;1.000000;0.835238;0.134859;0.316665;8
IMDB-BINARY;GCN;S;0.750000;0.000000;0.793069;0.750075;0.028313;0.375538;53
IMDB-BINARY;GIN;P;0.660000;0.000000;0.690505;0.656650;0.027210;0.473633;24
IMDB-BINARY;GIN;T;1.000000;0.000000;1.000000;1.000000;0.001911;0.000346;24
IMDB-BINARY;GIN;S;0.650000;0.000000;0.727456;0.646240;0.004014;0.453023;19
IMDB-BINARY;GraphSAGE;P;0.660000;0.000000;0.686298;0.657953;0.005484;0.452193;26
IMDB-BINARY;GraphSAGE;T;1.000000;0.000000;1.000000;1.000000;0.001522;0.000005;9
IMDB-BINARY;GraphSAGE;S;0.560000;0.000000;0.669727;0.538325;0.048172;0.504136;8
IMDB-BINARY;GAT;P;0.590000;0.000000;0.588719;0.579699;0.000748;0.495823;19
IMDB-BINARY;GAT;T;1.000000;0.000000;1.000000;1.000000;0.001601;0.000006;10
IMDB-BINARY;GAT;S;0.440000;0.000000;0.540596;0.358769;0.096514;0.515894;10
IMDB-BINARY;GCN;P;0.700000;0.000000;0.767713;0.700361;0.054849;0.447622;14
IMDB-BINARY;GCN;T;0.980000;0.000000;1.000000;0.980000;0.008271;0.037625;9
IMDB-BINARY;GCN;S;0.720000;0.000000;0.754607;0.720000;0.007776;0.408510;16
IMDB-BINARY;GIN;P;0.720000;0.000000;0.790258;0.713000;0.064274;0.414382;19
IMDB-BINARY;GIN;T;0.990000;0.000000;1.000000;0.989982;0.002417;0.019886;86
IMDB-BINARY;GIN;S;0.790000;0.000000;0.819805;0.788162;0.029044;0.355113;42
IMDB-BINARY;GraphSAGE;P;0.610000;0.000000;0.611404;0.608205;0.011305;0.472027;12
IMDB-BINARY;GraphSAGE;T;1.000000;0.000000;1.000000;1.000000;0.000059;0.000000;55
IMDB-BINARY;GraphSAGE;S;0.590000;0.000000;0.595438;0.588558;0.039754;0.493864;8
IMDB-BINARY;GAT;P;0.520000;0.000000;0.538061;0.510542;0.004986;0.500700;8
IMDB-BINARY;GAT;T;0.980000;0.000000;1.000000;0.980016;0.007380;0.037548;35
IMDB-BINARY;GAT;S;0.550000;0.000000;0.480769;0.529237;0.053196;0.508721;11
IMDB-BINARY;GCN;P;0.620000;0.000000;0.643720;0.620000;0.015567;0.469127;26
IMDB-BINARY;GCN;T;1.000000;0.000000;1.000000;1.000000;0.007767;0.000342;9
IMDB-BINARY;GCN;S;0.680000;0.000000;0.689482;0.679485;0.019864;0.432048;17
IMDB-BINARY;GIN;P;0.640000;0.000000;0.702828;0.640580;0.036776;0.468107;19
IMDB-BINARY;GIN;T;1.000000;0.000000;1.000000;1.000000;0.001994;0.000011;12
IMDB-BINARY;GIN;S;0.740000;0.000000;0.760614;0.741083;0.036824;0.406170;22
IMDB-BINARY;GraphSAGE;P;0.660000;0.000000;0.679487;0.658910;0.015148;0.452495;24
IMDB-BINARY;GraphSAGE;T;1.000000;0.000000;1.000000;1.000000;0.000107;0.000000;64
IMDB-BINARY;GraphSAGE;S;0.580000;0.000000;0.627604;0.544865;0.032344;0.495776;8
IMDB-BINARY;GAT;P;0.600000;0.000000;0.603448;0.571706;0.009258;0.483513;15
IMDB-BINARY;GAT;T;1.000000;0.000000;1.000000;1.000000;0.000109;0.000000;64
IMDB-BINARY;GAT;S;0.570000;0.000000;0.479396;0.471285;0.028419;0.494114;8
IMDB-BINARY;GCN;P;0.700000;0.000000;0.696450;0.700000;0.035370;0.447177;16
IMDB-BINARY;GCN;T;0.980000;0.000000;0.982393;0.979984;0.002526;0.038569;44
IMDB-BINARY;GCN;S;0.650000;0.000000;0.705682;0.648772;0.014406;0.462587;8
IMDB-BINARY;GIN;P;0.590000;0.000000;0.609139;0.552216;0.036103;0.471762;15
IMDB-BINARY;GIN;T;0.990000;0.000000;1.000000;0.989997;0.001983;0.019836;8
IMDB-BINARY;GIN;S;0.650000;0.000000;0.667267;0.647777;0.004498;0.459008;24
IMDB-BINARY;GraphSAGE;P;0.670000;0.000000;0.720688;0.658942;0.017476;0.441898;38
IMDB-BINARY;GraphSAGE;T;1.000000;0.000000;1.000000;1.000000;0.002084;0.000009;8
IMDB-BINARY;GraphSAGE;S;0.570000;0.000000;0.594562;0.472714;0.013980;0.486614;14
IMDB-MULTI;GAT;P;0.400000;0.000000;0.000000;0.367262;0.006703;0.660686;11
IMDB-MULTI;GAT;T;0.646667;0.000000;0.000000;0.509694;0.281738;0.659379;8
IMDB-MULTI;GAT;S;0.433333;0.000000;0.000000;0.378119;0.004274;0.653693;21
IMDB-MULTI;GCN;P;0.420000;0.000000;0.000000;0.407324;0.017887;0.658688;18
IMDB-MULTI;GCN;T;1.000000;0.000000;0.000000;1.000000;0.001462;0.000021;60
IMDB-MULTI;GCN;S;0.453333;0.000000;0.000000;0.445015;0.016544;0.642283;24
IMDB-MULTI;GIN;P;0.480000;0.000000;0.000000;0.463980;0.044465;0.652194;17
IMDB-MULTI;GIN;T;0.866667;0.000000;0.000000;0.862102;0.115950;0.200578;12
IMDB-MULTI;GIN;S;0.506667;0.000000;0.000000;0.505713;0.031632;0.625391;24
IMDB-MULTI;GraphSAGE;P;0.486667;0.000000;0.000000;0.453911;0.034553;0.631250;14
IMDB-MULTI;GraphSAGE;T;1.000000;0.000000;0.000000;1.000000;0.001026;0.000002;15
IMDB-MULTI;GraphSAGE;S;0.440000;0.000000;0.000000;0.421532;0.020642;0.658458;10
IMDB-MULTI;GAT;P;0.426667;0.000000;0.000000;0.369785;0.010359;0.642833;10
IMDB-MULTI;GAT;T;1.000000;0.000000;0.000000;1.000000;0.001816;0.000010;30
IMDB-MULTI;GAT;S;0.406667;0.000000;0.000000;0.381923;0.002323;0.659532;16
IMDB-MULTI;GCN;P;0.460000;0.000000;0.000000;0.413434;0.022287;0.652921;14
IMDB-MULTI;GCN;T;0.940000;0.000000;0.000000;0.940000;0.032166;0.111532;9
IMDB-MULTI;GCN;S;0.480000;0.000000;0.000000;0.431855;0.015816;0.632881;21
IMDB-MULTI;GIN;P;0.473333;0.000000;0.000000;0.463487;0.064427;0.649059;19
IMDB-MULTI;GIN;T;0.920000;0.000000;0.000000;0.918909;0.076579;0.155885;9
IMDB-MULTI;GIN;S;0.520000;0.000000;0.000000;0.511153;0.017537;0.615305;8
IMDB-MULTI;GraphSAGE;P;0.420000;0.000000;0.000000;0.383787;0.011266;0.638310;23
IMDB-MULTI;GraphSAGE;T;1.000000;0.000000;0.000000;1.000000;0.000097;0.000000;41
IMDB-MULTI;GraphSAGE;S;0.426667;0.000000;0.000000;0.395357;0.015460;0.645956;15
IMDB-MULTI;GAT;P;0.420000;0.000000;0.000000;0.421137;0.017906;0.662880;8
IMDB-MULTI;GAT;T;1.000000;0.000000;0.000000;1.000000;0.038013;0.022991;12
IMDB-MULTI;GAT;S;0.413333;0.000000;0.000000;0.396000;0.007326;0.648921;11
IMDB-MULTI;GCN;P;0.420000;0.000000;0.000000;0.416601;0.047078;0.664242;16
IMDB-MULTI;GCN;T;0.820000;0.000000;0.000000;0.816581;0.128696;0.259342;19
IMDB-MULTI;GCN;S;0.553333;0.000000;0.000000;0.551295;0.023647;0.616018;22
IMDB-MULTI;GIN;P;0.486667;0.000000;0.000000;0.472710;0.025324;0.621843;26
IMDB-MULTI;GIN;T;1.000000;0.000000;0.000000;1.000000;0.047103;0.031099;13
IMDB-MULTI;GIN;S;0.480000;0.000000;0.000000;0.476865;0.013342;0.647942;22
IMDB-MULTI;GraphSAGE;P;0.426667;0.000000;0.000000;0.380801;0.008648;0.646239;22
IMDB-MULTI;GraphSAGE;T;1.000000;0.000000;0.000000;1.000000;0.000052;0.000000;79
IMDB-MULTI;GraphSAGE;S;0.426667;0.000000;0.000000;0.408712;0.015445;0.650347;29
IMDB-MULTI;GAT;P;0.433333;0.000000;0.000000;0.382721;0.006826;0.641032;18
IMDB-MULTI;GAT;T;1.000000;0.000000;0.000000;1.000000;0.003580;0.000062;11
IMDB-MULTI;GAT;S;0.413333;0.000000;0.000000;0.343765;0.012213;0.653022;18
IMDB-MULTI;GCN;P;0.440000;0.000000;0.000000;0.390330;0.039740;0.669292;17
IMDB-MULTI;GCN;T;0.926667;0.000000;0.000000;0.925461;0.065785;0.145459;39
IMDB-MULTI;GCN;S;0.420000;0.000000;0.000000;0.401896;0.040692;0.655878;16
IMDB-MULTI;GIN;P;0.526667;0.000000;0.000000;0.518090;0.037146;0.618251;16
IMDB-MULTI;GIN;T;0.900000;0.000000;0.000000;0.895365;0.094999;0.194591;22
IMDB-MULTI;GIN;S;0.506667;0.000000;0.000000;0.499977;0.008092;0.629111;20
IMDB-MULTI;GraphSAGE;P;0.453333;0.000000;0.000000;0.379027;0.010440;0.647715;32
IMDB-MULTI;GraphSAGE;T;1.000000;0.000000;0.000000;1.000000;0.000034;0.000000;81
IMDB-MULTI;GraphSAGE;S;0.426667;0.000000;0.000000;0.375536;0.025757;0.652456;12
IMDB-MULTI;GAT;P;0.466667;0.000000;0.000000;0.436107;0.001459;0.640608;24
IMDB-MULTI;GAT;T;1.000000;0.000000;0.000000;1.000000;0.001022;0.000008;55
IMDB-MULTI;GAT;S;0.406667;0.000000;0.000000;0.378005;0.003401;0.655903;24
IMDB-MULTI;GCN;P;0.426667;0.000000;0.000000;0.425334;0.051925;0.668442;13
IMDB-MULTI;GCN;T;1.000000;0.000000;0.000000;1.000000;0.000789;0.000010;48
IMDB-MULTI;GCN;S;0.493333;0.000000;0.000000;0.492673;0.002059;0.638614;15
IMDB-MULTI;GIN;P;0.453333;0.000000;0.000000;0.443004;0.040438;0.626496;8
IMDB-MULTI;GIN;T;0.833333;0.000000;0.000000;0.830045;0.061989;0.322846;31
IMDB-MULTI;GIN;S;0.480000;0.000000;0.000000;0.467307;0.022364;0.621927;23
IMDB-MULTI;GraphSAGE;P;0.440000;0.000000;0.000000;0.396810;0.014285;0.642733;18
IMDB-MULTI;GraphSAGE;T;1.000000;0.000000;0.000000;1.000000;0.000082;0.000000;56
IMDB-MULTI;GraphSAGE;S;0.453333;0.000000;0.000000;0.427383;0.019045;0.640168;23
IMDB-MULTI;GAT;P;0.440000;0.000000;0.000000;0.349368;0.014812;0.641580;17
IMDB-MULTI;GAT;T;1.000000;0.000000;0.000000;1.000000;0.029755;0.013542;32
IMDB-MULTI;GAT;S;0.433333;0.000000;0.000000;0.357084;0.025670;0.650880;14
IMDB-MULTI;GCN;P;0.553333;0.000000;0.000000;0.534603;0.027333;0.642966;18
IMDB-MULTI;GCN;T;0.900000;0.000000;0.000000;0.897576;0.102544;0.197648;9
IMDB-MULTI;GCN;S;0.393333;0.000000;0.000000;0.391780;0.021543;0.657545;17
IMDB-MULTI;GIN;P;0.460000;0.000000;0.000000;0.424661;0.029576;0.631055;9
IMDB-MULTI;GIN;T;1.000000;0.000000;0.000000;1.000000;0.001509;0.000008;21
IMDB-MULTI;GIN;S;0.480000;0.000000;0.000000;0.481050;0.007220;0.629109;12
IMDB-MULTI;GraphSAGE;P;0.393333;0.000000;0.000000;0.342344;0.011756;0.640455;12
IMDB-MULTI;GraphSAGE;T;1.000000;0.000000;0.000000;1.000000;0.001712;0.000006;11
IMDB-MULTI;GraphSAGE;S;0.440000;0.000000;0.000000;0.374741;0.007131;0.640377;31
IMDB-MULTI;GAT;P;0.406667;0.000000;0.000000;0.386827;0.000830;0.645140;16
IMDB-MULTI;GAT;T;0.946667;0.000000;0.000000;0.946020;0.037153;0.068452;19
IMDB-MULTI;GAT;S;0.386667;0.000000;0.000000;0.334427;0.005604;0.649365;23
IMDB-MULTI;GCN;P;0.420000;0.000000;0.000000;0.422544;0.044115;0.653116;9
IMDB-MULTI;GCN;T;1.000000;0.000000;0.000000;1.000000;0.002080;0.000009;9
IMDB-MULTI;GCN;S;0.473333;0.000000;0.000000;0.464771;0.017520;0.636363;21
IMDB-MULTI;GIN;P;0.493333;0.000000;0.000000;0.438321;0.038841;0.650257;10
IMDB-MULTI;GIN;T;1.000000;0.000000;0.000000;1.000000;0.003746;0.000070;14
IMDB-MULTI;GIN;S;0.446667;0.000000;0.000000;0.440277;0.002652;0.648029;14
IMDB-MULTI;GraphSAGE;P;0.360000;0.000000;0.000000;0.347109;0.031220;0.675966;19
IMDB-MULTI;GraphSAGE;T;1.000000;0.000000;0.000000;1.000000;0.000359;0.000000;28
IMDB-MULTI;GraphSAGE;S;0.406667;0.000000;0.000000;0.369916;0.021338;0.648755;8
IMDB-MULTI;GAT;P;0.466667;0.000000;0.000000;0.407910;0.022633;0.644428;9
IMDB-MULTI;GAT;T;1.000000;0.000000;0.000000;1.000000;0.001373;0.000005;35
IMDB-MULTI;GAT;S;0.440000;0.000000;0.000000;0.393936;0.007285;0.650387;24
IMDB-MULTI;GCN;P;0.480000;0.000000;0.000000;0.470461;0.022722;0.636289;20
IMDB-MULTI;GCN;T;1.000000;0.000000;0.000000;1.000000;0.029884;0.009771;12
IMDB-MULTI;GCN;S;0.413333;0.000000;0.000000;0.412524;0.033707;0.655379;17
IMDB-MULTI;GIN;P;0.426667;0.000000;0.000000;0.422139;0.045472;0.660737;15
IMDB-MULTI;GIN;T;0.860000;0.000000;0.000000;0.853183;0.116278;0.237638;20
IMDB-MULTI;GIN;S;0.453333;0.000000;0.000000;0.450848;0.006665;0.637112;41
IMDB-MULTI;GraphSAGE;P;0.366667;0.000000;0.000000;0.320097;0.009284;0.660661;15
IMDB-MULTI;GraphSAGE;T;1.000000;0.000000;0.000000;1.000000;0.000181;0.000000;36
IMDB-MULTI;GraphSAGE;S;0.473333;0.000000;0.000000;0.428273;0.029803;0.623743;12
IMDB-MULTI;GAT;P;0.426667;0.000000;0.000000;0.355265;0.005504;0.662402;21
IMDB-MULTI;GAT;T;1.000000;0.000000;0.000000;1.000000;0.000939;0.000002;16
IMDB-MULTI;GAT;S;0.473333;0.000000;0.000000;0.449254;0.009348;0.642811;14
IMDB-MULTI;GCN;P;0.493333;0.000000;0.000000;0.474687;0.009063;0.639536;27
IMDB-MULTI;GCN;T;0.900000;0.000000;0.000000;0.902696;0.080787;0.181382;17
IMDB-MULTI;GCN;S;0.486667;0.000000;0.000000;0.488659;0.003212;0.632789;17
IMDB-MULTI;GIN;P;0.493333;0.000000;0.000000;0.479115;0.037766;0.627774;18
IMDB-MULTI;GIN;T;0.880000;0.000000;0.000000;0.875100;0.161589;0.259230;9
IMDB-MULTI;GIN;S;0.486667;0.000000;0.000000;0.450697;0.013553;0.624526;26
IMDB-MULTI;GraphSAGE;P;0.440000;0.000000;0.000000;0.390624;0.005699;0.649926;20
IMDB-MULTI;GraphSAGE;T;1.000000;0.000000;0.000000;1.000000;0.000148;0.000000;41
IMDB-MULTI;GraphSAGE;S;0.380000;0.000000;0.000000;0.335479;0.010924;0.655758;18
IMDB-MULTI;GAT;P;0.440000;0.000000;0.000000;0.410991;0.004319;0.653113;13
IMDB-MULTI;GAT;T;1.000000;0.000000;0.000000;1.000000;0.005330;0.000144;17
IMDB-MULTI;GAT;S;0.473333;0.000000;0.000000;0.441414;0.047561;0.640951;11
IMDB-MULTI;GCN;P;0.520000;0.000000;0.000000;0.519231;0.046859;0.634754;32
IMDB-MULTI;GCN;T;1.000000;0.000000;0.000000;1.000000;0.002938;0.000018;16
IMDB-MULTI;GCN;S;0.513333;0.000000;0.000000;0.509167;0.016775;0.621083;18
IMDB-MULTI;GIN;P;0.426667;0.000000;0.000000;0.399679;0.020356;0.643814;8
IMDB-MULTI;GIN;T;1.000000;0.000000;0.000000;1.000000;0.000247;0.000000;30
IMDB-MULTI;GIN;S;0.493333;0.000000;0.000000;0.476790;0.016359;0.615799;23
IMDB-MULTI;GraphSAGE;P;0.426667;0.000000;0.000000;0.388248;0.017508;0.645467;24
IMDB-MULTI;GraphSAGE;T;1.000000;0.000000;0.000000;1.000000;0.000413;0.000000;25
IMDB-MULTI;GraphSAGE;S;0.393333;0.000000;0.000000;0.380772;0.016192;0.653393;20
COLLAB;GAT;P;0.570000;0.000000;0.000000;0.509450;0.076885;0.569964;10
COLLAB;GAT;T;1.000000;0.000000;0.000000;1.000000;0.002540;0.000246;13
COLLAB;GAT;S;0.584000;0.000000;0.000000;0.531962;0.147297;0.565250;8
COLLAB;GCN;P;0.716000;0.000000;0.000000;0.709143;0.038613;0.405439;39
COLLAB;GCN;T;0.912000;0.000000;0.000000;0.907750;0.080587;0.165964;8
COLLAB;GCN;S;0.684000;0.000000;0.000000;0.682455;0.052783;0.423548;16
COLLAB;GIN;P;0.718000;0.000000;0.000000;0.710545;0.036886;0.412516;28
COLLAB;GIN;T;0.846000;0.000000;0.000000;0.854553;0.132458;0.289172;14
COLLAB;GIN;S;0.738000;0.000000;0.000000;0.737770;0.037028;0.387723;22
COLLAB;GraphSAGE;P;0.698000;0.000000;0.000000;0.692854;0.043659;0.415878;26
COLLAB;GraphSAGE;T;1.000000;0.000000;0.000000;1.000000;0.000024;0.000000;40
COLLAB;GraphSAGE;S;0.702000;0.000000;0.000000;0.701139;0.041779;0.421560;28
COLLAB;GAT;P;0.584000;0.000000;0.000000;0.525316;0.049150;0.554274;10
COLLAB;GAT;T;0.948000;0.000000;0.000000;0.947128;0.041878;0.053378;9
COLLAB;GAT;S;0.538000;0.000000;0.000000;0.484620;0.223666;0.614237;8
COLLAB;GCN;P;0.706000;0.000000;0.000000;0.704127;0.038837;0.406468;26
COLLAB;GCN;T;0.850000;0.000000;0.000000;0.853120;0.148246;0.289869;8
COLLAB;GCN;S;0.714000;0.000000;0.000000;0.699013;0.027157;0.399854;25
COLLAB;GIN;P;0.698000;0.000000;0.000000;0.695052;0.046708;0.427732;24
COLLAB;GIN;T;0.948000;0.000000;0.000000;0.947409;0.055243;0.105325;8
COLLAB;GIN;S;0.710000;0.000000;0.000000;0.704776;0.047838;0.409025;12
COLLAB;GraphSAGE;P;0.682000;0.000000;0.000000;0.679952;0.033647;0.444601;31
COLLAB;GraphSAGE;T;1.000000;0.000000;0.000000;1.000000;0.000068;0.000000;21
COLLAB;GraphSAGE;S;0.748000;0.000000;0.000000;0.749545;0.042417;0.367740;32
COLLAB;GAT;P;0.578000;0.000000;0.000000;0.521843;0.051558;0.540415;9
COLLAB;GAT;T;1.000000;0.000000;0.000000;1.000000;0.000431;0.000001;16
COLLAB;GAT;S;0.578000;0.000000;0.000000;0.529303;0.147303;0.587105;8
COLLAB;GCN;P;0.684000;0.000000;0.000000;0.677639;0.027881;0.424373;26
COLLAB;GCN;T;0.986000;0.000000;0.000000;0.985814;0.010266;0.026623;21
COLLAB;GCN;S;0.710000;0.000000;0.000000;0.706459;0.040598;0.401213;22
COLLAB;GIN;P;0.730000;0.000000;0.000000;0.719833;0.052417;0.391010;32
COLLAB;GIN;T;0.920000;0.000000;0.000000;0.924829;0.084499;0.161014;11
COLLAB;GIN;S;0.718000;0.000000;0.000000;0.708706;0.042654;0.399675;14
COLLAB;GraphSAGE;P;0.698000;0.000000;0.000000;0.698034;0.042051;0.432195;31
COLLAB;GraphSAGE;T;1.000000;0.000000;0.000000;1.000000;0.000035;0.000000;34
COLLAB;GraphSAGE;S;0.732000;0.000000;0.000000;0.734854;0.033031;0.384228;33
COLLAB;GAT;P;0.676000;0.000000;0.000000;0.627343;0.060983;0.480235;15
COLLAB;GAT;T;1.000000;0.000000;0.000000;1.000000;0.004335;0.000618;20
COLLAB;GAT;S;0.586000;0.000000;0.000000;0.538151;0.169098;0.593004;10
COLLAB;GCN;P;0.720000;0.000000;0.000000;0.709750;0.037190;0.389472;25
COLLAB;GCN;T;0.916000;0.000000;0.000000;0.921869;0.084647;0.167832;14
COLLAB;GCN;S;0.728000;0.000000;0.000000;0.726624;0.041997;0.377543;27
COLLAB;GIN;P;0.718000;0.000000;0.000000;0.706972;0.032427;0.412078;28
COLLAB;GIN;T;0.952000;0.000000;0.000000;0.951240;0.046264;0.095935;8
COLLAB;GIN;S;0.742000;0.000000;0.000000;0.738812;0.035620;0.379033;15
COLLAB;GraphSAGE;P;0.694000;0.000000;0.000000;0.693739;0.038505;0.434489;47
COLLAB;GraphSAGE;T;1.000000;0.000000;0.000000;1.000000;0.000210;0.000000;16
COLLAB;GraphSAGE;S;0.708000;0.000000;0.000000;0.707831;0.025152;0.409102;22
COLLAB;GAT;P;0.654000;0.000000;0.000000;0.602543;0.073803;0.497600;10
COLLAB;GAT;T;1.000000;0.000000;0.000000;1.000000;0.001532;0.000048;16
COLLAB;GAT;S;0.582000;0.000000;0.000000;0.533269;0.143923;0.559909;8
COLLAB;GCN;P;0.678000;0.000000;0.000000;0.674407;0.040933;0.427677;29
COLLAB;GCN;T;0.880000;0.000000;0.000000;0.876933;0.108080;0.203755;16
COLLAB;GCN;S;0.718000;0.000000;0.000000;0.717717;0.050586;0.409536;18
COLLAB;GIN;P;0.712000;0.000000;0.000000;0.703119;0.037910;0.411574;21
COLLAB;GIN;T;0.938000;0.000000;0.000000;0.937302;0.079150;0.140552;20
COLLAB;GIN;S;0.720000;0.000000;0.000000;0.718775;0.039255;0.379730;49
COLLAB;GraphSAGE;P;0.732000;0.000000;0.000000;0.725128;0.045744;0.408293;33
COLLAB;GraphSAGE;T;1.000000;0.000000;0.000000;1.000000;0.000053;0.000000;29
COLLAB;GraphSAGE;S;0.738000;0.000000;0.000000;0.738477;0.030799;0.387172;21
COLLAB;GAT;P;0.598000;0.000000;0.000000;0.544325;0.084492;0.532209;13
COLLAB;GAT;T;0.968000;0.000000;0.000000;0.968233;0.044758;0.066613;17
COLLAB;GAT;S;0.590000;0.000000;0.000000;0.552681;0.095685;0.532961;9
COLLAB;GCN;P;0.718000;0.000000;0.000000;0.715599;0.039712;0.414415;24
COLLAB;GCN;T;0.948000;0.000000;0.000000;0.950514;0.044012;0.102994;11
COLLAB;GCN;S;0.716000;0.000000;0.000000;0.711715;0.034589;0.400198;20
COLLAB;GIN;P;0.718000;0.000000;0.000000;0.702322;0.046063;0.397856;21
COLLAB;GIN;T;0.908000;0.000000;0.000000;0.905005;0.096222;0.181249;8
COLLAB;GIN;S;0.700000;0.000000;0.000000;0.695642;0.037415;0.409981;33
COLLAB;GraphSAGE;P;0.712000;0.000000;0.000000;0.711083;0.051986;0.417702;28
COLLAB;GraphSAGE;T;1.000000;0.000000;0.000000;1.000000;0.003030;0.000037;9
COLLAB;GraphSAGE;S;0.732000;0.000000;0.000000;0.727446;0.037511;0.383674;36
COLLAB;GAT;P;0.594000;0.000000;0.000000;0.532708;0.089436;0.536094;10
COLLAB;GAT;T;1.000000;0.000000;0.000000;1.000000;0.009187;0.003913;8
COLLAB;GAT;S;0.576000;0.000000;0.000000;0.523822;0.167707;0.594025;8
COLLAB;GCN;P;0.696000;0.000000;0.000000;0.695907;0.024440;0.411103;31
COLLAB;GCN;T;0.956000;0.000000;0.000000;0.956669;0.043187;0.087974;9
COLLAB;GCN;S;0.750000;0.000000;0.000000;0.744964;0.030873;0.374936;31
COLLAB;GIN;P;0.722000;0.000000;0.000000;0.717573;0.045054;0.405544;24
COLLAB;GIN;T;0.872000;0.000000;0.000000;0.880904;0.130115;0.256729;8
COLLAB;GIN;S;0.718000;0.000000;0.000000;0.719696;0.031629;0.392661;28
COLLAB;GraphSAGE;P;0.652000;0.000000;0.000000;0.648635;0.036544;0.460875;26
COLLAB;GraphSAGE;T;1.000000;0.000000;0.000000;1.000000;0.000040;0.000000;43
COLLAB;GraphSAGE;S;0.712000;0.000000;0.000000;0.712224;0.046269;0.398544;26
COLLAB;GAT;P;0.606000;0.000000;0.000000;0.558404;0.067121;0.526013;8
COLLAB;GAT;T;0.884000;0.000000;0.000000;0.852970;0.099076;0.193445;8
COLLAB;GAT;S;0.588000;0.000000;0.000000;0.543855;0.126858;0.540523;8
COLLAB;GCN;P;0.720000;0.000000;0.000000;0.708451;0.044093;0.413674;17
COLLAB;GCN;T;0.830000;0.000000;0.000000;0.842820;0.163103;0.321154;9
COLLAB;GCN;S;0.728000;0.000000;0.000000;0.723231;0.023180;0.380692;32
COLLAB;GIN;P;0.690000;0.000000;0.000000;0.683636;0.040025;0.432417;26
COLLAB;GIN;T;0.884000;0.000000;0.000000;0.886315;0.120562;0.234250;10
COLLAB;GIN;S;0.686000;0.000000;0.000000;0.683836;0.040295;0.409818;25
COLLAB;GraphSAGE;P;0.660000;0.000000;0.000000;0.657497;0.043602;0.458798;33
COLLAB;GraphSAGE;T;1.000000;0.000000;0.000000;1.000000;0.000045;0.000000;31
COLLAB;GraphSAGE;S;0.688000;0.000000;0.000000;0.688123;0.051637;0.449000;32
COLLAB;GAT;P;0.594000;0.000000;0.000000;0.540283;0.065625;0.535270;8
COLLAB;GAT;T;1.000000;0.000000;0.000000;1.000000;0.004553;0.000967;12
COLLAB;GAT;S;0.484000;0.000000;0.000000;0.426641;0.283462;0.721360;8
COLLAB;GCN;P;0.718000;0.000000;0.000000;0.713010;0.040413;0.407655;30
COLLAB;GCN;T;0.948000;0.000000;0.000000;0.949461;0.024355;0.085504;12
COLLAB;GCN;S;0.714000;0.000000;0.000000;0.709634;0.042319;0.402767;26
COLLAB;GIN;P;0.664000;0.000000;0.000000;0.651971;0.038000;0.452694;20
COLLAB;GIN;T;0.562000;0.000000;0.000000;0.528734;0.351262;0.765412;9
COLLAB;GIN;S;0.738000;0.000000;0.000000;0.736580;0.038141;0.372453;25
COLLAB;GraphSAGE;P;0.694000;0.000000;0.000000;0.690222;0.039782;0.430729;38
COLLAB;GraphSAGE;T;0.988000;0.000000;0.000000;0.987807;0.018751;0.027804;8
COLLAB;GraphSAGE;S;0.726000;0.000000;0.000000;0.725522;0.039201;0.402558;27
COLLAB;GAT;P;0.598000;0.000000;0.000000;0.548929;0.095140;0.493194;11
COLLAB;GAT;T;0.996000;0.000000;0.000000;0.995981;0.006858;0.009591;14
COLLAB;GAT;S;0.586000;0.000000;0.000000;0.530946;0.104765;0.548730;9
COLLAB;GCN;P;0.686000;0.000000;0.000000;0.674430;0.055398;0.425078;31
COLLAB;GCN;T;0.984000;0.000000;0.000000;0.983769;0.020045;0.033940;12
COLLAB;GCN;S;0.750000;0.000000;0.000000;0.735611;0.039217;0.359512;23
COLLAB;GIN;P;0.680000;0.000000;0.000000;0.676341;0.035528;0.433925;25
COLLAB;GIN;T;0.750000;0.000000;0.000000;0.751132;0.263522;0.511140;8
COLLAB;GIN;S;0.766000;0.000000;0.000000;0.756483;0.029218;0.367859;18
COLLAB;GraphSAGE;P;0.666000;0.000000;0.000000;0.661844;0.035579;0.456279;28
COLLAB;GraphSAGE;T;1.000000;0.000000;0.000000;1.000000;0.000037;0.000000;34
COLLAB;GraphSAGE;S;0.730000;0.000000;0.000000;0.730294;0.046056;0.374531;13
REDDIT-BINARY;GAT;P;0.740000;0.000000;0.780778;0.738537;0.010142;0.386256;14
REDDIT-BINARY;GAT;T;1.000000;0.000000;1.000000;1.000000;0.068650;0.025278;10
REDDIT-BINARY;GAT;S;0.805000;0.000000;0.908249;0.805827;0.032675;0.275061;21
REDDIT-BINARY;GCN;P;0.745000;0.000000;0.846950;0.744389;0.050777;0.340842;15
REDDIT-BINARY;GCN;T;1.000000;0.000000;1.000000;1.000000;0.000446;0.000000;25
REDDIT-BINARY;GCN;S;0.870000;0.000000;0.929255;0.869487;0.023885;0.213894;31
REDDIT-BINARY;GIN;P;0.865000;0.000000;0.943998;0.864713;0.028892;0.212153;71
REDDIT-BINARY;GIN;T;1.000000;0.000000;1.000000;1.000000;0.001597;0.000187;32
REDDIT-BINARY;GIN;S;0.855000;0.000000;0.934481;0.852513;0.034366;0.212529;35
REDDIT-BINARY;GraphSAGE;P;0.770000;0.000000;0.856786;0.769724;0.048249;0.320959;11
REDDIT-BINARY;GraphSAGE;T;1.000000;0.000000;1.000000;1.000000;0.084849;0.028259;12
REDDIT-BINARY;GraphSAGE;S;0.900000;0.000000;0.960437;0.900030;0.023391;0.166085;41
REDDIT-BINARY;GAT;P;0.775000;0.000000;0.823942;0.773598;0.010155;0.337265;47
REDDIT-BINARY;GAT;T;0.560000;0.000000;0.476968;0.402051;0.408166;0.826033;8
REDDIT-BINARY;GAT;S;0.795000;0.000000;0.890156;0.794769;0.029341;0.286247;34
REDDIT-BINARY;GCN;P;0.720000;0.000000;0.821353;0.712273;0.069496;0.372860;17
REDDIT-BINARY;GCN;T;1.000000;0.000000;1.000000;1.000000;0.000321;0.000000;29
REDDIT-BINARY;GCN;S;0.795000;0.000000;0.900541;0.795036;0.025038;0.259716;43
REDDIT-BINARY;GIN;P;0.835000;0.000000;0.915292;0.834938;0.031843;0.244536;76
REDDIT-BINARY;GIN;T;1.000000;0.000000;1.000000;1.000000;0.005575;0.007359;20
REDDIT-BINARY;GIN;S;0.825000;0.000000;0.915266;0.825013;0.017404;0.231151;15
REDDIT-BINARY;GraphSAGE;P;0.835000;0.000000;0.890326;0.834288;0.033465;0.269699;82
REDDIT-BINARY;GraphSAGE;T;1.000000;0.000000;1.000000;1.000000;0.069245;0.016271;12
REDDIT-BINARY;GraphSAGE;S;0.875000;0.000000;0.940405;0.874518;0.022564;0.202721;46
REDDIT-BINARY;GAT;P;0.790000;0.000000;0.808340;0.783582;0.066594;0.343648;29
REDDIT-BINARY;GAT;T;0.475000;0.000000;1.000000;0.305932;0.502863;1.000000;8
REDDIT-BINARY;GAT;S;0.810000;0.000000;0.891502;0.809465;0.031756;0.286878;20
REDDIT-BINARY;GCN;P;0.735000;0.000000;0.830183;0.731130;0.069837;0.355731;20
REDDIT-BINARY;GCN;T;1.000000;0.000000;1.000000;1.000000;0.000659;0.000001;20
REDDIT-BINARY;GCN;S;0.845000;0.000000;0.920968;0.844919;0.021127;0.229431;26
REDDIT-BINARY;GIN;P;0.865000;0.000000;0.937075;0.865010;0.028130;0.215501;74
REDDIT-BINARY;GIN;T;1.000000;0.000000;1.000000;1.000000;0.001742;0.000008;15
REDDIT-BINARY;GIN;S;0.820000;0.000000;0.898788;0.816807;0.029005;0.256668;21
REDDIT-BINARY;GraphSAGE;P;0.740000;0.000000;0.795280;0.735173;0.026980;0.362330;38
REDDIT-BINARY;GraphSAGE;T;0.520000;0.000000;1.000000;0.355789;0.361978;0.510318;8
REDDIT-BINARY;GraphSAGE;S;0.740000;0.000000;0.888255;0.730250;0.067082;0.326541;9
REDDIT-BINARY;GAT;P;0.755000;0.000000;0.787800;0.750452;0.036812;0.372747;19
REDDIT-BINARY;GAT;T;0.495000;0.000000;0.850085;0.327793;0.462926;0.924098;8
REDDIT-BINARY;GAT;S;0.725000;0.000000;0.854169;0.721705;0.055681;0.358229;27
REDDIT-BINARY;GCN;P;0.735000;0.000000;0.823082;0.732841;0.042576;0.368283;22
REDDIT-BINARY;GCN;T;1.000000;0.000000;1.000000;1.000000;0.000415;0.000000;35
REDDIT-BINARY;GCN;S;0.880000;0.000000;0.948295;0.880000;0.032583;0.215078;18
REDDIT-BINARY;GIN;P;0.770000;0.000000;0.821558;0.769071;0.045237;0.355749;28
REDDIT-BINARY;GIN;T;1.000000;0.000000;1.000000;1.000000;0.000979;0.000002;22
REDDIT-BINARY;GIN;S;0.835000;0.000000;0.906591;0.835004;0.025197;0.246459;29
REDDIT-BINARY;GraphSAGE;P;0.760000;0.000000;0.816682;0.758988;0.023235;0.344917;63
REDDIT-BINARY;GraphSAGE;T;1.000000;0.000000;1.000000;1.000000;0.000597;0.000001;17
REDDIT-BINARY;GraphSAGE;S;0.880000;0.000000;0.950075;0.878977;0.034464;0.188978;40
REDDIT-BINARY;GAT;P;0.720000;0.000000;0.762505;0.718222;0.028058;0.390594;42
REDDIT-BINARY;GAT;T;0.475000;0.000000;0.924211;0.305932;0.443805;0.781980;9
REDDIT-BINARY;GAT;S;0.735000;0.000000;0.790665;0.724546;0.052801;0.380258;39
REDDIT-BINARY;GCN;P;0.830000;0.000000;0.911064;0.830017;0.071195;0.267296;32
REDDIT-BINARY;GCN;T;1.000000;0.000000;1.000000;1.000000;0.000434;0.000000;26
REDDIT-BINARY;GCN;S;0.885000;0.000000;0.943232;0.885055;0.021444;0.188738;57
REDDIT-BINARY;GIN;P;0.855000;0.000000;0.905862;0.854982;0.053688;0.261292;66
REDDIT-BINARY;GIN;T;1.000000;0.000000;1.000000;1.000000;0.010059;0.010855;8
REDDIT-BINARY;GIN;S;0.895000;0.000000;0.944930;0.895129;0.022492;0.171991;67
REDDIT-BINARY;GraphSAGE;P;0.755000;0.000000;0.841784;0.754120;0.012934;0.330347;84
REDDIT-BINARY;GraphSAGE;T;0.605000;0.000000;1.000000;0.518425;0.273095;0.298084;18
REDDIT-BINARY;GraphSAGE;S;0.890000;0.000000;0.955696;0.890000;0.027369;0.167042;46
REDDIT-BINARY;GAT;P;0.790000;0.000000;0.840236;0.789832;0.022171;0.336334;22
REDDIT-BINARY;GAT;T;0.490000;0.000000;1.000000;0.322282;0.369638;0.744398;8
REDDIT-BINARY;GAT;S;0.675000;0.000000;0.775291;0.675220;0.064423;0.386219;13
REDDIT-BINARY;GCN;P;0.770000;0.000000;0.813132;0.769769;0.045837;0.363923;17
REDDIT-BINARY;GCN;T;1.000000;0.000000;1.000000;1.000000;0.000328;0.000000;30
REDDIT-BINARY;GCN;S;0.865000;0.000000;0.933440;0.863663;0.030070;0.218286;22
REDDIT-BINARY;GIN;P;0.810000;0.000000;0.910657;0.809388;0.057956;0.295287;24
REDDIT-BINARY;GIN;T;1.000000;0.000000;1.000000;1.000000;0.000598;0.000001;33
REDDIT-BINARY;GIN;S;0.840000;0.000000;0.927771;0.839615;0.034573;0.219311;24
REDDIT-BINARY;GraphSAGE;P;0.795000;0.000000;0.856437;0.793330;0.025767;0.312716;70
REDDIT-BINARY;GraphSAGE;T;1.000000;0.000000;1.000000;1.000000;0.010607;0.000318;13
REDDIT-BINARY;GraphSAGE;S;0.880000;0.000000;0.946237;0.880120;0.040342;0.178326;39
REDDIT-BINARY;GAT;P;0.725000;0.000000;0.807161;0.726530;0.030371;0.358681;29
REDDIT-BINARY;GAT;T;0.895000;0.000000;1.000000;0.894614;0.149311;0.202857;14
REDDIT-BINARY;GAT;S;0.775000;0.000000;0.889056;0.770204;0.033098;0.295385;22
REDDIT-BINARY;GCN;P;0.805000;0.000000;0.876789;0.804966;0.044716;0.303984;65
REDDIT-BINARY;GCN;T;1.000000;0.000000;1.000000;1.000000;0.006518;0.001324;24
REDDIT-BINARY;GCN;S;0.830000;0.000000;0.923525;0.830000;0.023242;0.229039;47
REDDIT-BINARY;GIN;P;0.760000;0.000000;0.867824;0.760120;0.055098;0.334211;18
REDDIT-BINARY;GIN;T;1.000000;0.000000;1.000000;1.000000;0.000322;0.000001;34
REDDIT-BINARY;GIN;S;0.855000;0.000000;0.936679;0.855322;0.027415;0.203359;23
REDDIT-BINARY;GraphSAGE;P;0.765000;0.000000;0.842332;0.763083;0.031145;0.325079;66
REDDIT-BINARY;GraphSAGE;T;1.000000;0.000000;1.000000;1.000000;0.030642;0.003884;23
REDDIT-BINARY;GraphSAGE;S;0.885000;0.000000;0.958690;0.883056;0.041232;0.175694;26
REDDIT-BINARY;GAT;P;0.695000;0.000000;0.697316;0.690305;0.031799;0.435875;19
REDDIT-BINARY;GAT;T;0.460000;0.000000;0.954911;0.289863;0.467800;0.906793;8
REDDIT-BINARY;GAT;S;0.825000;0.000000;0.895151;0.824490;0.037876;0.266179;13
REDDIT-BINARY;GCN;P;0.740000;0.000000;0.842784;0.739218;0.050252;0.345637;24
REDDIT-BINARY;GCN;T;1.000000;0.000000;1.000000;1.000000;0.000259;0.000000;40
REDDIT-BINARY;GCN;S;0.815000;0.000000;0.906916;0.814875;0.031055;0.254884;32
REDDIT-BINARY;GIN;P;0.840000;0.000000;0.899139;0.839808;0.033111;0.259991;92
REDDIT-BINARY;GIN;T;1.000000;0.000000;1.000000;1.000000;0.000403;0.000000;23
REDDIT-BINARY;GIN;S;0.810000;0.000000;0.906062;0.809232;0.031205;0.244877;18
REDDIT-BINARY;GraphSAGE;P;0.800000;0.000000;0.873782;0.800703;0.029937;0.284652;61
REDDIT-BINARY;GraphSAGE;T;1.000000;0.000000;1.000000;1.000000;0.006625;0.000157;24
REDDIT-BINARY;GraphSAGE;S;0.810000;0.000000;0.924317;0.803642;0.042796;0.253485;12
REDDIT-BINARY;GAT;P;0.765000;0.000000;0.822029;0.764311;0.044540;0.349771;23
REDDIT-BINARY;GAT;T;0.555000;0.000000;0.915275;0.396174;0.423856;0.850629;8
REDDIT-BINARY;GAT;S;0.680000;0.000000;0.777596;0.681742;0.079193;0.397860;11
REDDIT-BINARY;GCN;P;0.755000;0.000000;0.866587;0.753007;0.045891;0.303677;46
REDDIT-BINARY;GCN;T;1.000000;0.000000;1.000000;1.000000;0.000404;0.000000;30
REDDIT-BINARY;GCN;S;0.805000;0.000000;0.898890;0.803748;0.022554;0.266971;14
REDDIT-BINARY;GIN;P;0.765000;0.000000;0.866647;0.765265;0.068578;0.324497;19
REDDIT-BINARY;GIN;T;1.000000;0.000000;1.000000;1.000000;0.002204;0.000019;20
REDDIT-BINARY;GIN;S;0.830000;0.000000;0.899248;0.829898;0.045574;0.254815;28
REDDIT-BINARY;GraphSAGE;P;0.760000;0.000000;0.830432;0.759422;0.038519;0.338154;53
REDDIT-BINARY;GraphSAGE;T;1.000000;0.000000;1.000000;1.000000;0.001180;0.000012;18
REDDIT-BINARY;GraphSAGE;S;0.840000;0.000000;0.921892;0.838545;0.026560;0.238634;22
REDDIT-BINARY;GAT;P;0.705000;0.000000;0.767654;0.702805;0.003649;0.387029;44
REDDIT-BINARY;GAT;T;0.655000;0.000000;1.000000;0.601201;0.249545;0.376502;9
REDDIT-BINARY;GAT;S;0.760000;0.000000;0.818687;0.745562;0.065626;0.355091;14
REDDIT-BINARY;GCN;P;0.770000;0.000000;0.860598;0.766223;0.064731;0.330103;22
REDDIT-BINARY;GCN;T;1.000000;0.000000;1.000000;1.000000;0.000505;0.000001;25
REDDIT-BINARY;GCN;S;0.870000;0.000000;0.945946;0.870391;0.017212;0.191632;63
REDDIT-BINARY;GIN;P;0.745000;0.000000;0.878791;0.745032;0.054390;0.324048;11
REDDIT-BINARY;GIN;T;1.000000;0.000000;1.000000;1.000000;0.002286;0.000034;20
REDDIT-BINARY;GIN;S;0.820000;0.000000;0.912786;0.820000;0.024386;0.237253;20
REDDIT-BINARY;GraphSAGE;P;0.765000;0.000000;0.845500;0.763290;0.032439;0.323944;91
REDDIT-BINARY;GraphSAGE;T;0.500000;0.000000;1.000000;0.333333;0.205174;0.587127;8
REDDIT-BINARY;GraphSAGE;S;0.850000;0.000000;0.922929;0.850136;0.039033;0.214615;23
